,dos,usda,doc,hud,treas,doj,dod,ed,hhs,doi,va,doe,dot,dol,dhs
USA,369894505.48,292476728.9,217025648.28,-3780.93,296353887.46,361086135.06,30398101201.87,143318841.89,757723913.25,199719033.06,1242545832.65,1083764133.68,430062752.41,145086946.98,914925671.52
AGO,0.0,0.0,0.0,-0.0,0.0,0.0,0.0,0.0,0.0,0.0,0.0,0.0,0.0,0.0,0.0
DNK,49695.99999999999,0.0,117.48,-0.0,0.0,0.0,447859.06,0.0,0.0,184000.0,0.0,0.0,0.0,0.0,0.0
CHE,173135.46,0.0,0.0,-0.0,117063.4,0.0,1333898.53,0.0,8309.0,0.0,49960.66,15492.0,0.0,0.0,0.0
ETH,3708.98,0.0,0.0,-0.0,0.0,0.0,0.0,0.0,0.0,0.0,0.0,0.0,0.0,0.0,0.0
TUR,770892.9,0.0,0.0,-0.0,0.0,0.0,5486639.9,0.0,0.0,0.0,0.0,0.0,0.0,0.0,0.0
RUS,219319.49,0.0,0.0,-0.0,0.0,0.0,0.0,0.0,0.0,0.0,0.0,0.0,0.0,0.0,0.0
UKR,379873.75,0.0,0.0,-0.0,0.0,0.0,54548.8,0.0,0.0,0.0,0.0,0.0,0.0,0.0,0.0
FIN,0.0,0.0,0.0,-0.0,0.0,0.0,0.0,0.0,0.0,0.0,0.0,0.0,0.0,0.0,0.0
FJI,0.0,0.0,0.0,-0.0,0.0,0.0,0.0,0.0,0.0,0.0,0.0,0.0,0.0,0.0,0.0
FRA,296668.48,5100.0,0.0,-0.0,0.0,0.0,2585216.22,0.0,0.0,0.0,0.0,0.0,0.0,0.0,360747.16
ITA,186628.85,0.0,0.0,-0.0,0.0,0.0,15393324.430000002,0.0,0.0,0.0,0.0,0.0,0.0,0.0,24095.14
THA,160726.76,0.0,0.0,-0.0,0.0,0.0,1784662.96,0.0,0.0,0.0,0.0,0.0,0.0,0.0,0.0
BEL,1560717.31,0.0,0.0,-0.0,0.0,0.0,748670.36,0.0,0.0,0.0,0.0,0.0,0.0,0.0,0.0
MYS,0.0,0.0,0.0,-0.0,0.0,0.0,40764.14,0.0,0.0,0.0,0.0,0.0,0.0,0.0,0.0
MLI,28867.8,0.0,0.0,-0.0,0.0,0.0,0.0,0.0,0.0,0.0,0.0,0.0,0.0,0.0,0.0
CAN,1431276.53,255718.44,345168.62,-0.0,515661.29,211877.15,70289862.64,0.0,108747.0,2533439.5,158229.94,-468.75,7469.2,0.0,507081.79
CRI,47390.0,0.0,0.0,-0.0,0.0,0.0,39261.81,0.0,0.0,0.0,0.0,0.0,0.0,0.0,0.0
GTM,0.0,0.0,0.0,-0.0,0.0,0.0,129694.71,0.0,0.0,0.0,0.0,0.0,0.0,0.0,0.0
VUT,0.0,0.0,0.0,-0.0,0.0,0.0,0.0,0.0,0.0,0.0,0.0,0.0,0.0,0.0,0.0
NLD,0.0,0.0,349482.64,-0.0,8282.02,0.0,3236873.62,0.0,2134912.95,0.0,0.0,277150.9,0.0,0.0,93475.02
PRY,4119.05,0.0,0.0,-0.0,0.0,0.0,0.0,0.0,0.0,0.0,0.0,0.0,0.0,0.0,0.0
HRV,0.0,0.0,0.0,-0.0,0.0,0.0,10931.45,0.0,0.0,0.0,0.0,0.0,0.0,0.0,0.0
MOZ,748641.0,0.0,0.0,-0.0,0.0,0.0,0.0,0.0,0.0,0.0,0.0,0.0,0.0,0.0,0.0
AUT,77833.19,0.0,0.0,-0.0,0.0,0.0,0.0,0.0,0.0,0.0,0.0,0.0,0.0,0.0,0.0
HTI,288501.16,0.0,0.0,-0.0,120000.00000000001,0.0,0.0,0.0,0.0,0.0,0.0,0.0,0.0,0.0,0.0
BRA,0.0,0.0,0.0,-0.0,0.0,0.0,0.0,0.0,5236.0,0.0,0.0,0.0,0.0,0.0,0.0
IDN,15878.279999999999,0.0,0.0,-0.0,0.0,0.0,0.0,0.0,0.0,0.0,0.0,0.0,0.0,0.0,0.0
PHL,59475.98,0.0,0.0,-0.0,0.0,0.0,3238188.03,0.0,0.0,0.0,0.0,0.0,0.0,0.0,37192.31
ISR,1061384.18,0.0,37500.0,-0.0,0.0,0.0,68023218.42,0.0,27440.0,0.0,0.0,0.0,0.0,0.0,0.0
PER,45150.29,0.0,0.0,-0.0,0.0,0.0,121445.27999999998,0.0,0.0,0.0,0.0,0.0,0.0,0.0,0.0
HND,291934.53,0.0,0.0,-0.0,88000.0,0.0,805559.7,0.0,0.0,0.0,0.0,0.0,0.0,0.0,0.0
KGZ,8822.36,0.0,0.0,-0.0,0.0,0.0,0.0,0.0,0.0,0.0,0.0,0.0,0.0,0.0,0.0
ARE,422984.57999999996,0.0,0.0,-0.0,0.0,0.0,78524722.17,0.0,0.0,0.0,0.0,0.0,0.0,0.0,0.0
DZA,0.0,0.0,0.0,-0.0,0.0,0.0,0.0,0.0,0.0,0.0,0.0,0.0,0.0,0.0,0.0
MDG,0.0,0.0,0.0,-0.0,0.0,0.0,0.0,0.0,0.0,0.0,0.0,0.0,0.0,0.0,0.0
EGY,78394.3,0.0,0.0,-0.0,0.0,0.0,7231.0,0.0,0.0,0.0,0.0,0.0,0.0,0.0,0.0
GBR,111793.18,13366.0,38110.0,-0.0,44144.0,25562.36,44634721.79,0.0,2622694.73,227374.95,0.0,72886.99,0.0,0.0,82358.05
IRQ,97553.17,0.0,0.0,-0.0,0.0,0.0,8400972.89,0.0,0.0,0.0,0.0,0.0,0.0,0.0,0.0
KWT,0.0,0.0,0.0,-0.0,0.0,0.0,41933521.02,0.0,0.0,0.0,0.0,0.0,0.0,0.0,0.0
JOR,382661.83,0.0,0.0,-0.0,0.0,0.0,644726.76,0.0,0.0,0.0,0.0,0.0,0.0,0.0,0.0
BIH,-9830.28,0.0,0.0,-0.0,0.0,0.0,0.0,0.0,0.0,0.0,0.0,0.0,0.0,0.0,0.0
SAU,98576.28,0.0,0.0,-0.0,0.0,0.0,51624513.97,0.0,0.0,0.0,0.0,0.0,0.0,0.0,0.0
HUN,0.0,0.0,0.0,-0.0,0.0,0.0,0.0,0.0,12225.0,0.0,0.0,0.0,0.0,0.0,0.0
ZAF,147553.69,3624.0,0.0,-0.0,0.0,0.0,0.0,0.0,0.0,0.0,0.0,0.0,0.0,0.0,0.0
KEN,39665.4,0.0,0.0,-0.0,0.0,0.0,-4049.5099999999998,0.0,0.0,0.0,0.0,0.0,0.0,0.0,0.0
BHR,0.0,0.0,0.0,-0.0,0.0,0.0,4144677.19,0.0,0.0,0.0,0.0,0.0,0.0,0.0,4723.58
GIB,91828.54,0.0,0.0,-0.0,0.0,0.0,0.0,0.0,0.0,0.0,0.0,0.0,0.0,0.0,0.0
SEN,88077.36,0.0,0.0,-0.0,0.0,0.0,-8389.81,0.0,0.0,0.0,0.0,0.0,0.0,0.0,0.0
TZA,-134877.48,0.0,0.0,-0.0,0.0,0.0,0.0,0.0,0.0,0.0,0.0,0.0,0.0,0.0,0.0
JPN,139018.6,0.0,6250.0,-0.0,0.0,0.0,178236887.16,0.0,17310.41,0.0,0.0,0.0,0.0,0.0,0.0
AFG,-263394.9,0.0,0.0,-0.0,0.0,0.0,46858408.19,0.0,0.0,0.0,0.0,0.0,0.0,0.0,0.0
COL,552418.42,0.0,0.0,-0.0,0.0,0.0,174003.12,0.0,0.0,0.0,0.0,0.0,0.0,0.0,0.0
GUY,0.0,0.0,0.0,-0.0,0.0,0.0,0.0,0.0,0.0,0.0,0.0,0.0,0.0,0.0,0.0
ECU,0.0,0.0,0.0,-0.0,0.0,0.0,0.0,0.0,0.0,0.0,0.0,0.0,0.0,0.0,0.0
KOR,320707.06,0.0,0.0,-0.0,0.0,0.0,72245073.53,0.0,0.0,0.0,0.0,0.0,0.0,0.0,0.0
SLV,148420.49,0.0,0.0,-0.0,0.0,0.0,0.0,0.0,0.0,0.0,0.0,0.0,0.0,0.0,0.0
CHN,129370.54,0.0,0.0,-0.0,0.0,0.0,0.0,0.0,0.0,0.0,0.0,0.0,0.0,0.0,0.0
IND,323702.21,0.0,0.0,-0.0,0.0,0.0,460.0,0.0,0.0,0.0,0.0,0.0,0.0,0.0,0.0
ABW,56289.719999999994,0.0,0.0,-0.0,0.0,1889.17,-17654.94,0.0,0.0,0.0,0.0,0.0,0.0,0.0,0.0
UGA,4471.72,0.0,0.0,-0.0,0.0,0.0,-8035.009999999999,0.0,0.0,0.0,0.0,0.0,0.0,0.0,0.0
SDN,0.0,0.0,0.0,-0.0,0.0,0.0,0.0,0.0,0.0,0.0,0.0,0.0,0.0,0.0,0.0
KAZ,0.0,0.0,0.0,-0.0,0.0,0.0,0.0,0.0,0.0,0.0,0.0,0.0,0.0,0.0,0.0
GHA,71602.0,0.0,0.0,-0.0,0.0,0.0,0.0,0.0,0.0,0.0,0.0,0.0,0.0,0.0,0.0
LBR,41425.0,0.0,0.0,-0.0,0.0,0.0,0.0,0.0,0.0,0.0,0.0,0.0,0.0,0.0,0.0
PAK,317659.28,0.0,0.0,-0.0,0.0,0.0,197180.0,0.0,0.0,0.0,0.0,0.0,0.0,0.0,0.0
ARM,0.0,0.0,0.0,-0.0,0.0,0.0,3821.43,0.0,0.0,0.0,0.0,0.0,0.0,0.0,0.0
MKD,19938.01,0.0,0.0,-0.0,0.0,0.0,0.0,0.0,0.0,0.0,0.0,0.0,0.0,0.0,0.0
AZE,52.0,0.0,0.0,-0.0,0.0,0.0,3048.0,0.0,0.0,0.0,0.0,0.0,0.0,0.0,0.0
GEO,124322.32999999999,0.0,0.0,-0.0,0.0,0.0,325000.0,0.0,0.0,0.0,0.0,0.0,0.0,0.0,0.0
LKA,14828.82,0.0,0.0,-0.0,0.0,0.0,78638.52,0.0,0.0,0.0,0.0,0.0,0.0,0.0,0.0
ZWE,599888.82,0.0,0.0,-0.0,0.0,0.0,0.0,0.0,0.0,0.0,0.0,0.0,0.0,0.0,0.0
AUS,43204.66,9657.45,53399.33000000001,-0.0,0.0,0.0,390803.89,0.0,-552.23,0.0,0.0,0.0,0.0,0.0,0.0
JAM,0.0,0.0,0.0,-0.0,0.0,0.0,0.0,0.0,0.0,0.0,0.0,0.0,0.0,0.0,0.0
NAM,0.0,0.0,0.0,-0.0,0.0,0.0,0.0,0.0,0.0,0.0,0.0,0.0,0.0,0.0,0.0
MAR,0.0,0.0,0.0,-0.0,0.0,0.0,0.0,0.0,0.0,0.0,0.0,0.0,0.0,0.0,0.0
BGD,49149.62,0.0,0.0,-0.0,0.0,0.0,47900.0,0.0,0.0,0.0,0.0,0.0,0.0,0.0,0.0
NGA,0.0,0.0,0.0,-0.0,0.0,0.0,0.0,0.0,0.0,0.0,0.0,0.0,0.0,0.0,0.0
UZB,32499.0,0.0,0.0,-0.0,0.0,0.0,0.0,0.0,0.0,0.0,0.0,0.0,0.0,0.0,0.0
PAN,85091.55,0.0,0.0,-0.0,0.0,0.0,13562.75,0.0,0.0,0.0,0.0,0.0,0.0,0.0,0.0
MEX,181938.93,0.0,21636.0,-0.0,0.0,0.0,0.0,0.0,0.0,0.0,0.0,0.0,0.0,0.0,0.0
HKG,26089.1,0.0,0.0,-0.0,0.0,0.0,6621967.38,0.0,0.0,0.0,0.0,0.0,0.0,0.0,0.0
MWI,0.0,6084.27,0.0,-0.0,0.0,0.0,0.0,0.0,0.0,0.0,0.0,0.0,0.0,0.0,0.0
PRT,0.0,0.0,0.0,-0.0,0.0,0.0,40587.41,0.0,0.0,0.0,0.0,0.0,0.0,0.0,0.0
GIN,0.0,0.0,0.0,-0.0,0.0,0.0,0.0,0.0,0.0,0.0,0.0,0.0,0.0,0.0,0.0
COD,77925.29,0.0,0.0,-0.0,0.0,0.0,0.0,0.0,0.0,0.0,0.0,0.0,0.0,0.0,0.0
SLE,131280.0,0.0,0.0,-0.0,0.0,0.0,0.0,0.0,0.0,0.0,0.0,0.0,0.0,0.0,0.0
BOL,0.0,0.0,0.0,-0.0,0.0,0.0,0.0,0.0,0.0,0.0,0.0,0.0,0.0,0.0,0.0
DOM,14694.999999999998,0.0,0.0,-0.0,0.0,0.0,0.0,0.0,0.0,0.0,0.0,0.0,0.0,0.0,0.0
NIC,0.0,0.0,0.0,-0.0,0.0,0.0,0.0,0.0,0.0,0.0,0.0,0.0,0.0,0.0,0.0
BEN,25720.969999999998,0.0,0.0,-0.0,0.0,0.0,0.0,0.0,0.0,0.0,0.0,0.0,0.0,0.0,0.0
KHM,61552.7,0.0,0.0,-0.0,0.0,0.0,3795.0,0.0,0.0,0.0,0.0,0.0,0.0,0.0,0.0
BRB,142240.22,0.0,0.0,-0.0,0.0,0.0,652506.97,0.0,0.0,0.0,0.0,0.0,0.0,0.0,0.0
COG,30080.0,0.0,0.0,-0.0,0.0,0.0,0.0,0.0,0.0,0.0,0.0,0.0,0.0,0.0,0.0
SGP,62686.399999999994,0.0,0.0,-0.0,0.0,0.0,6759954.06,0.0,0.0,0.0,0.0,0.0,0.0,0.0,0.0
ZMB,0.0,0.0,0.0,-0.0,0.0,0.0,0.0,0.0,0.0,0.0,0.0,0.0,0.0,0.0,0.0
VEN,74882.06,0.0,0.0,-0.0,0.0,0.0,0.0,0.0,0.0,0.0,0.0,0.0,0.0,0.0,0.0
NPL,30837.24,0.0,0.0,-0.0,0.0,0.0,45332.96,0.0,0.0,0.0,0.0,0.0,0.0,0.0,0.0
SRB,21.64,0.0,0.0,-0.0,0.0,0.0,0.0,0.0,0.0,0.0,0.0,0.0,0.0,0.0,0.0
TJK,28840.819999999996,0.0,0.0,-0.0,0.0,0.0,0.0,0.0,0.0,0.0,0.0,0.0,0.0,0.0,0.0
BGR,0.0,0.0,0.0,-0.0,0.0,0.0,140811.05,0.0,0.0,0.0,0.0,0.0,0.0,0.0,0.0
BLR,0.0,0.0,0.0,-0.0,0.0,0.0,0.0,0.0,0.0,0.0,0.0,0.0,0.0,0.0,0.0
LUX,13529.959999999997,0.0,0.0,-0.0,0.0,0.0,12332.02,0.0,0.0,0.0,0.0,0.0,0.0,0.0,0.0
MHL,0.0,0.0,0.0,-0.0,0.0,0.0,0.0,0.0,0.0,0.0,0.0,0.0,0.0,0.0,0.0
IRL,5257.39,0.0,0.0,-0.0,0.0,0.0,88500.0,0.0,0.0,0.0,0.0,0.0,0.0,0.0,250.00000000000003
TTO,0.0,0.0,0.0,-0.0,0.0,0.0,0.0,0.0,0.0,0.0,0.0,0.0,0.0,0.0,0.0
CHL,0.0,0.0,0.0,-0.0,0.0,0.0,0.0,0.0,0.0,0.0,0.0,0.0,0.0,0.0,0.0
CIV,9084.25,0.0,0.0,-0.0,0.0,0.0,0.0,0.0,0.0,0.0,0.0,0.0,0.0,0.0,0.0
NOR,3542.48,0.0,-853.0600000000001,-0.0,0.0,0.0,10758394.59,0.0,0.0,0.0,0.0,0.0,0.0,0.0,0.0
RWA,38194.27,0.0,0.0,-0.0,0.0,0.0,0.0,0.0,0.0,0.0,0.0,0.0,0.0,0.0,0.0
SWE,113841.09,0.0,0.0,-0.0,0.0,0.0,11576.0,0.0,0.0,0.0,0.0,0.0,0.0,0.0,0.0
LTU,0.0,0.0,0.0,-0.0,0.0,0.0,0.0,0.0,0.0,0.0,0.0,0.0,0.0,0.0,0.0
MLT,-5675.43,0.0,0.0,-0.0,0.0,0.0,5820451.72,0.0,0.0,0.0,0.0,0.0,0.0,0.0,206670.73
LAO,0.0,0.0,0.0,-0.0,0.0,0.0,972782.6200000001,0.0,0.0,0.0,0.0,0.0,0.0,0.0,0.0
ESP,44707.29,0.0,0.0,-0.0,0.0,0.0,12711397.44,0.0,7926.300000000001,0.0,0.0,0.0,0.0,0.0,0.0
MUS,0.0,0.0,0.0,-0.0,0.0,0.0,34272.0,0.0,0.0,0.0,0.0,0.0,0.0,0.0,0.0
QAT,0.0,0.0,0.0,-0.0,0.0,0.0,642553.68,0.0,0.0,0.0,0.0,0.0,0.0,0.0,0.0
DEU,7104191.869999999,15192.0,3534.31,-0.0,0.0,0.0,17113813.9,0.0,2252.88,0.0,0.0,0.0,122000.0,0.0,1737.5
ALB,0.0,0.0,0.0,-0.0,0.0,0.0,0.0,0.0,0.0,0.0,0.0,0.0,0.0,0.0,0.0
MDA,0.0,0.0,0.0,-0.0,0.0,0.0,0.0,0.0,0.0,0.0,0.0,0.0,0.0,0.0,0.0
CZE,0.0,0.0,0.0,-0.0,0.0,0.0,0.0,0.0,0.0,0.0,0.0,0.0,0.0,0.0,0.0
BWA,0.0,0.0,0.0,-0.0,0.0,0.0,0.0,0.0,0.0,0.0,0.0,0.0,0.0,0.0,0.0
BMU,0.0,0.0,0.0,-0.0,0.0,0.0,56951.38,0.0,0.0,0.0,0.0,0.0,0.0,0.0,0.0
SSD,82500.0,0.0,0.0,-0.0,0.0,0.0,0.0,0.0,0.0,0.0,0.0,0.0,0.0,0.0,0.0
POL,0.0,0.0,0.0,-0.0,0.0,0.0,78802.84,0.0,0.0,0.0,0.0,0.0,0.0,0.0,0.0
SVN,0.0,0.0,0.0,-0.0,0.0,0.0,0.0,0.0,0.0,0.0,0.0,0.0,0.0,0.0,0.0
XKS,0.0,0.0,0.0,-0.0,0.0,0.0,0.0,0.0,0.0,0.0,0.0,0.0,0.0,0.0,0.0
BFA,0.0,0.0,0.0,-0.0,0.0,0.0,0.0,0.0,0.0,0.0,0.0,0.0,0.0,0.0,0.0
SVK,0.0,0.0,0.0,-0.0,0.0,0.0,0.0,0.0,0.0,0.0,0.0,0.0,0.0,0.0,0.0
BDI,0.0,0.0,0.0,-0.0,0.0,0.0,0.0,0.0,0.0,0.0,0.0,0.0,0.0,0.0,0.0
KNA,0.0,0.0,0.0,-0.0,0.0,0.0,0.0,0.0,0.0,0.0,0.0,0.0,0.0,0.0,0.0
VNM,50947.02,0.0,0.0,-0.0,0.0,0.0,35723.88,0.0,202000.0,0.0,0.0,0.0,0.0,0.0,0.0
TLS,0.0,0.0,0.0,-0.0,0.0,0.0,0.0,0.0,0.0,0.0,0.0,0.0,0.0,0.0,0.0
ARG,197808.38,0.0,0.0,-0.0,0.0,0.0,0.0,0.0,0.0,0.0,0.0,0.0,0.0,0.0,0.0
ROU,0.0,0.0,0.0,-0.0,0.0,0.0,595653.64,0.0,0.0,0.0,0.0,0.0,0.0,0.0,0.0
URY,65541.93,0.0,0.0,-0.0,0.0,0.0,34317.0,0.0,0.0,0.0,0.0,0.0,0.0,0.0,0.0
MNG,0.0,0.0,0.0,-0.0,0.0,0.0,0.0,0.0,0.0,0.0,0.0,0.0,0.0,0.0,0.0
LBN,25000.0,0.0,0.0,-0.0,0.0,0.0,0.0,0.0,0.0,0.0,0.0,0.0,0.0,0.0,0.0
GRC,52287.55,0.0,0.0,-0.0,0.0,0.0,35449898.17,0.0,0.0,0.0,0.0,0.0,0.0,0.0,0.0
IRN,0.0,0.0,0.0,-0.0,0.0,0.0,0.0,0.0,0.0,0.0,0.0,0.0,0.0,0.0,0.0
CMR,31574.89,0.0,0.0,-0.0,0.0,0.0,19245.6,0.0,0.0,0.0,0.0,0.0,0.0,0.0,0.0
TWN,0.0,0.0,0.0,-0.0,0.0,0.0,59999.99999999999,0.0,0.0,0.0,0.0,0.0,0.0,0.0,0.0
NER,7603.359999999999,0.0,0.0,-0.0,0.0,0.0,135434.28,0.0,0.0,0.0,0.0,0.0,0.0,0.0,0.0
STP,0.0,0.0,0.0,-0.0,0.0,0.0,0.0,0.0,0.0,0.0,0.0,0.0,0.0,0.0,0.0
MNE,0.0,0.0,0.0,-0.0,0.0,0.0,0.0,0.0,0.0,0.0,0.0,0.0,0.0,0.0,0.0
VGB,0.0,0.0,0.0,-0.0,0.0,0.0,48600.0,0.0,0.0,0.0,0.0,0.0,0.0,0.0,0.0
UMI,0.0,0.0,0.0,-0.0,0.0,0.0,-142048.28,0.0,0.0,0.0,0.0,0.0,0.0,0.0,0.0
NZL,0.0,0.0,0.0,-0.0,0.0,0.0,1909122.45,0.0,0.0,0.0,0.0,0.0,0.0,0.0,1579.41
ISL,0.0,0.0,0.0,-0.0,0.0,0.0,0.0,0.0,0.0,0.0,0.0,0.0,0.0,0.0,0.0
OMN,0.0,0.0,0.0,-0.0,0.0,0.0,395838.69,0.0,0.0,0.0,0.0,0.0,0.0,0.0,0.0
PLW,0.0,0.0,0.0,-0.0,0.0,0.0,0.0,0.0,0.0,0.0,0.0,0.0,0.0,0.0,0.0
GMB,0.0,0.0,0.0,-0.0,0.0,0.0,0.0,0.0,0.0,0.0,0.0,0.0,0.0,0.0,0.0
SWZ,0.0,0.0,0.0,-0.0,0.0,0.0,0.0,0.0,0.0,0.0,0.0,0.0,0.0,0.0,0.0
WSM,0.0,0.0,0.0,-0.0,0.0,0.0,0.0,0.0,0.0,0.0,0.0,0.0,0.0,0.0,0.0
SOM,0.0,0.0,0.0,-0.0,0.0,0.0,186000.0,0.0,0.0,0.0,0.0,0.0,0.0,0.0,0.0
TUN,-33281.13,0.0,0.0,-0.0,0.0,0.0,0.0,0.0,0.0,0.0,0.0,0.0,0.0,0.0,0.0
SLB,0.0,0.0,0.0,-0.0,0.0,0.0,0.0,0.0,0.0,0.0,0.0,0.0,0.0,0.0,0.0
TCA,0.0,0.0,0.0,-0.0,0.0,0.0,0.0,0.0,0.0,0.0,0.0,0.0,0.0,0.0,0.0
ATA,0.0,0.0,0.0,-0.0,0.0,0.0,0.0,0.0,0.0,0.0,0.0,0.0,0.0,0.0,0.0
GAB,0.0,0.0,0.0,-0.0,0.0,0.0,0.0,0.0,0.0,0.0,0.0,0.0,0.0,0.0,0.0
NCL,0.0,0.0,0.0,-0.0,0.0,0.0,0.0,0.0,0.0,0.0,0.0,0.0,0.0,0.0,0.0
CYP,66256.96,0.0,0.0,-0.0,0.0,0.0,0.0,0.0,0.0,0.0,0.0,0.0,0.0,0.0,0.0
COK,0.0,0.0,0.0,-0.0,0.0,0.0,0.0,0.0,0.0,0.0,0.0,0.0,0.0,0.0,0.0
PYF,0.0,0.0,0.0,-0.0,0.0,0.0,0.0,0.0,0.0,0.0,0.0,0.0,0.0,0.0,0.0
CYM,0.0,0.0,0.0,-0.0,0.0,0.0,0.0,0.0,0.0,0.0,0.0,0.0,0.0,0.0,0.0
TON,0.0,0.0,0.0,-0.0,0.0,0.0,0.0,0.0,0.0,0.0,0.0,0.0,0.0,0.0,0.0
MCO,0.0,0.0,0.0,-0.0,0.0,0.0,0.0,0.0,0.0,0.0,0.0,0.0,0.0,0.0,0.0
TKM,0.0,0.0,0.0,-0.0,0.0,0.0,0.0,0.0,0.0,0.0,0.0,0.0,0.0,0.0,0.0
BLZ,22880.62,0.0,0.0,-0.0,0.0,0.0,0.0,0.0,0.0,0.0,0.0,0.0,0.0,0.0,0.0
MSR,0.0,0.0,0.0,-0.0,0.0,0.0,0.0,0.0,0.0,0.0,0.0,0.0,0.0,0.0,0.0
GRL,0.0,0.0,0.0,-0.0,0.0,0.0,0.0,0.0,0.0,0.0,0.0,0.0,0.0,0.0,0.0
PNG,0.0,0.0,0.0,-0.0,0.0,0.0,-10000.0,0.0,0.0,0.0,0.0,0.0,0.0,0.0,0.0
KIR,0.0,0.0,0.0,-0.0,0.0,0.0,0.0,0.0,0.0,0.0,0.0,0.0,0.0,0.0,0.0
BHS,0.0,0.0,0.0,-0.0,0.0,0.0,0.0,0.0,0.0,0.0,0.0,0.0,0.0,0.0,0.0
AIA,0.0,0.0,0.0,-0.0,0.0,0.0,0.0,0.0,0.0,0.0,0.0,0.0,0.0,0.0,0.0
DMA,0.0,0.0,0.0,-0.0,0.0,0.0,0.0,0.0,0.0,0.0,0.0,0.0,0.0,0.0,0.0
MRT,0.0,0.0,0.0,-0.0,0.0,0.0,117000.0,0.0,0.0,0.0,0.0,0.0,0.0,0.0,0.0
DJI,14970.54,0.0,0.0,-0.0,0.0,0.0,-896406.02,0.0,0.0,0.0,0.0,0.0,0.0,0.0,0.0
LVA,0.0,0.0,0.0,-0.0,0.0,0.0,0.0,0.0,0.0,0.0,0.0,0.0,0.0,0.0,0.0
TGO,152557.04,0.0,0.0,-0.0,0.0,0.0,0.0,0.0,0.0,0.0,0.0,0.0,0.0,0.0,0.0
TUV,0.0,0.0,0.0,-0.0,0.0,0.0,0.0,0.0,0.0,0.0,0.0,0.0,0.0,0.0,0.0
ATG,0.0,0.0,0.0,-0.0,0.0,0.0,0.0,0.0,0.0,0.0,0.0,0.0,0.0,0.0,0.0
VCT,0.0,0.0,0.0,-0.0,0.0,0.0,0.0,0.0,0.0,0.0,0.0,0.0,0.0,0.0,0.0
GNB,0.0,0.0,0.0,-0.0,0.0,0.0,0.0,0.0,0.0,0.0,0.0,0.0,0.0,0.0,0.0
LCA,0.0,0.0,0.0,-0.0,0.0,0.0,0.0,0.0,0.0,0.0,0.0,0.0,0.0,0.0,0.0
SYC,0.0,0.0,0.0,-0.0,0.0,0.0,-2143.27,0.0,0.0,0.0,0.0,0.0,0.0,0.0,0.0
BRN,0.0,0.0,0.0,-0.0,0.0,0.0,0.0,0.0,0.0,0.0,0.0,0.0,0.0,0.0,0.0
EST,0.0,0.0,0.0,-0.0,0.0,0.0,0.0,0.0,0.0,0.0,0.0,0.0,0.0,0.0,0.0
BTN,0.0,0.0,0.0,-0.0,0.0,0.0,0.0,0.0,0.0,0.0,0.0,0.0,0.0,0.0,0.0
GRD,0.0,0.0,0.0,-0.0,0.0,0.0,0.0,0.0,0.0,0.0,0.0,0.0,0.0,0.0,0.0
LIE,0.0,0.0,0.0,-0.0,0.0,0.0,0.0,0.0,0.0,0.0,0.0,0.0,0.0,0.0,0.0
YEM,0.0,0.0,0.0,-0.0,0.0,0.0,0.0,0.0,0.0,0.0,0.0,0.0,0.0,0.0,0.0
MDV,0.0,0.0,0.0,-0.0,0.0,0.0,0.0,0.0,0.0,0.0,0.0,0.0,0.0,0.0,0.0
TCD,0.0,0.0,0.0,-0.0,0.0,0.0,85590.0,0.0,0.0,0.0,0.0,0.0,0.0,0.0,0.0
IMN,0.0,0.0,0.0,-0.0,0.0,0.0,49280.73,0.0,0.0,0.0,0.0,0.0,0.0,0.0,0.0
CUW,0.0,0.0,0.0,-0.0,0.0,0.0,0.0,0.0,0.0,0.0,0.0,0.0,0.0,0.0,0.0
SYR,0.0,0.0,0.0,-0.0,0.0,0.0,0.0,0.0,0.0,0.0,0.0,0.0,0.0,0.0,0.0
MMR,5580.0,0.0,0.0,-0.0,0.0,0.0,0.0,0.0,0.0,0.0,0.0,0.0,0.0,0.0,0.0
SPM,0.0,0.0,0.0,-0.0,0.0,0.0,0.0,0.0,0.0,0.0,0.0,0.0,0.0,0.0,0.0
AND,0.0,0.0,0.0,-0.0,0.0,0.0,0.0,0.0,0.0,0.0,0.0,0.0,0.0,0.0,0.0
LSO,0.0,0.0,0.0,-0.0,0.0,0.0,0.0,0.0,0.0,0.0,0.0,0.0,0.0,0.0,0.0
MAC,0.0,0.0,0.0,-0.0,0.0,0.0,0.0,0.0,0.0,0.0,0.0,0.0,0.0,0.0,0.0
CUB,0.0,0.0,0.0,-0.0,0.0,0.0,0.0,0.0,0.0,0.0,0.0,0.0,0.0,0.0,0.0
CAF,0.0,0.0,0.0,-0.0,0.0,0.0,0.0,0.0,0.0,0.0,0.0,0.0,0.0,0.0,0.0
ERI,0.0,0.0,0.0,-0.0,0.0,0.0,0.0,0.0,0.0,0.0,0.0,0.0,0.0,0.0,0.0
SUR,0.0,0.0,0.0,-0.0,0.0,0.0,0.0,0.0,0.0,0.0,0.0,0.0,0.0,0.0,0.0
LBY,0.0,0.0,0.0,-0.0,0.0,0.0,0.0,0.0,0.0,0.0,0.0,0.0,0.0,0.0,0.0
CPV,0.0,0.0,0.0,-0.0,0.0,0.0,0.0,0.0,0.0,0.0,0.0,0.0,0.0,0.0,0.0
XWB,7350.0,0.0,0.0,-0.0,0.0,0.0,0.0,0.0,0.0,0.0,0.0,0.0,0.0,0.0,0.0
GNQ,0.0,0.0,0.0,-0.0,0.0,0.0,0.0,0.0,0.0,0.0,0.0,0.0,0.0,0.0,0.0
TKL,0.0,0.0,0.0,-0.0,0.0,0.0,0.0,0.0,0.0,0.0,0.0,0.0,0.0,0.0,0.0
XAC,0.0,0.0,0.0,-0.0,0.0,0.0,0.0,0.0,0.0,0.0,0.0,0.0,0.0,0.0,0.0
COM,0.0,0.0,0.0,-0.0,0.0,0.0,0.0,0.0,0.0,0.0,0.0,0.0,0.0,0.0,0.0
FLK,0.0,0.0,0.0,-0.0,0.0,0.0,0.0,0.0,0.0,0.0,0.0,0.0,0.0,0.0,0.0
